<application>
  <component name="FileTypeManager" version="17">
    <extensionMap>
      <mapping ext="klib" type="ARCHIVE" />
      <mapping ext="7z" type="Native" />
      <mapping pattern="com.alibaba.dubbo.remoting.telnet.TelnetHandler" type="PLAIN_TEXT" />
      <mapping pattern="SwaggerStaticDocTest.java" type="PLAIN_TEXT" />
      <mapping ext="adoc" type="PLAIN_TEXT" />
      <mapping ext="cer" type="PLAIN_TEXT" />
      <mapping ext="filter" type="PLAIN_TEXT" />
      <mapping ext="hta" type="PLAIN_TEXT" />
    </extensionMap>
  </component>
</application>