<application>
  <component name="KeyPromoterXStatistic">
    <option name="statistics">
      <Statistic Action="Actual Size">
        <Item>
          <IdeaActionID>UML.ActualSize</IdeaActionID>
          <ShortCut>'⌘NumPad /' or '⌘/'</ShortCut>
          <Description>Actual Size</Description>
          <Count>1</Count>
        </Item>
      </Statistic>
      <Statistic Action="Build Project">
        <Item>
          <IdeaActionID>CompileDirty</IdeaActionID>
          <ShortCut>'⌘B'</ShortCut>
          <Description>Build Project</Description>
          <Count>4</Count>
        </Item>
      </Statistic>
      <Statistic Action="Close">
        <Item>
          <IdeaActionID>CloseContent</IdeaActionID>
          <ShortCut>'⌘W'</ShortCut>
          <Description>Close</Description>
          <Count>1</Count>
        </Item>
      </Statistic>
      <Statistic Action="Close All">
        <Item>
          <IdeaActionID>CloseAllEditors</IdeaActionID>
          <ShortCut>'⇧⌘W'</ShortCut>
          <Description>Close All</Description>
          <Count>80</Count>
        </Item>
      </Statistic>
      <Statistic Action="Collapse All">
        <Item>
          <IdeaActionID>Maven.CollapseAll</IdeaActionID>
          <ShortCut>'⌘-' or '⌘-'</ShortCut>
          <Description>Collapse All</Description>
          <Count>3</Count>
        </Item>
      </Statistic>
      <Statistic Action="Column Selection Mode">
        <Item>
          <IdeaActionID>EditorToggleColumnMode</IdeaActionID>
          <ShortCut>'⇧⌘8'</ShortCut>
          <Description>Column Selection Mode</Description>
          <Count>2</Count>
        </Item>
      </Statistic>
      <Statistic Action="Compare">
        <Item>
          <IdeaActionID>Diff.ShowDiff</IdeaActionID>
          <ShortCut>'⌘D'</ShortCut>
          <Description>Compare</Description>
          <Count>43</Count>
        </Item>
      </Statistic>
      <Statistic Action="Compare Directories">
        <Item>
          <IdeaActionID>CompareTwoFiles</IdeaActionID>
          <ShortCut>'⌘D'</ShortCut>
          <Description>Compare Directories</Description>
          <Count>3</Count>
        </Item>
      </Statistic>
      <Statistic Action="Compare Files">
        <Item>
          <IdeaActionID>CompareTwoFiles</IdeaActionID>
          <ShortCut>'⌘D'</ShortCut>
          <Description>Compare Files</Description>
          <Count>24</Count>
        </Item>
      </Statistic>
      <Statistic Action="Compare With...">
        <Item>
          <IdeaActionID>CompareTwoFiles</IdeaActionID>
          <ShortCut>'⌘D'</ShortCut>
          <Description>Compare With...</Description>
          <Count>8</Count>
        </Item>
      </Statistic>
      <Statistic Action="Copy">
        <Item>
          <IdeaActionID>$Copy</IdeaActionID>
          <ShortCut>'⌘C'</ShortCut>
          <Description>Copy</Description>
          <Count>43</Count>
        </Item>
      </Statistic>
      <Statistic Action="Copy Path">
        <Item>
          <IdeaActionID>CopyPaths</IdeaActionID>
          <ShortCut>'⇧⌘C'</ShortCut>
          <Description>Copy Path</Description>
          <Count>37</Count>
        </Item>
      </Statistic>
      <Statistic Action="Copy Reference">
        <Item>
          <IdeaActionID>CopyReference</IdeaActionID>
          <ShortCut>'⌥⇧⌘C'</ShortCut>
          <Description>Copy Reference</Description>
          <Count>14</Count>
        </Item>
      </Statistic>
      <Statistic Action="Copy References">
        <Item>
          <IdeaActionID>CopyReference</IdeaActionID>
          <ShortCut>'⌥⇧⌘C'</ShortCut>
          <Description>Copy References</Description>
          <Count>3</Count>
        </Item>
      </Statistic>
      <Statistic Action="Copy Relative Path">
        <Item>
          <IdeaActionID>CopyReference</IdeaActionID>
          <ShortCut>'⌥⇧⌘C'</ShortCut>
          <Description>Copy Relative Path</Description>
          <Count>28</Count>
        </Item>
      </Statistic>
      <Statistic Action="Copy Value">
        <Item>
          <IdeaActionID>XDebugger.CopyValue</IdeaActionID>
          <ShortCut>'⌘C'</ShortCut>
          <Description>Copy Value</Description>
          <Count>16</Count>
        </Item>
      </Statistic>
      <Statistic Action="Data Source Properties">
        <Item>
          <IdeaActionID>DatabaseView.PropertiesAction</IdeaActionID>
          <ShortCut>'⌘I'</ShortCut>
          <Description>Data Source Properties</Description>
          <Count>9</Count>
        </Item>
      </Statistic>
      <Statistic Action="Debug">
        <Item>
          <IdeaActionID>ActivateDebugToolWindow</IdeaActionID>
          <ShortCut>'⌘5'</ShortCut>
          <Description>Debug</Description>
          <Count>260</Count>
        </Item>
      </Statistic>
      <Statistic Action="Debug 'LMSMain'">
        <Item>
          <IdeaActionID>Debug</IdeaActionID>
          <ShortCut>'⌘F11'</ShortCut>
          <Description>Debug 'LMSMain'</Description>
          <Count>1</Count>
        </Item>
      </Statistic>
      <Statistic Action="Debug 'OrderApplication'">
        <Item>
          <IdeaActionID>Debug</IdeaActionID>
          <ShortCut>'⌘F11'</ShortCut>
          <Description>Debug 'OrderApplication'</Description>
          <Count>2</Count>
        </Item>
      </Statistic>
      <Statistic Action="Debug 'ThirdPartyPayServiceImplTest.doPay'">
        <Item>
          <IdeaActionID>Debug</IdeaActionID>
          <ShortCut>'⌘F11'</ShortCut>
          <Description>Debug 'ThirdPartyPayServiceImplTest.doPay'</Description>
          <Count>1</Count>
        </Item>
      </Statistic>
      <Statistic Action="Debug 'Tomcat 8'">
        <Item>
          <IdeaActionID>Debug</IdeaActionID>
          <ShortCut>'⌘F11'</ShortCut>
          <Description>Debug 'Tomcat 8'</Description>
          <Count>6</Count>
        </Item>
      </Statistic>
      <Statistic Action="Debug 'Tomcat 8.5.24'">
        <Item>
          <IdeaActionID>Debug</IdeaActionID>
          <ShortCut>'⌘F11'</ShortCut>
          <Description>Debug 'Tomcat 8.5.24'</Description>
          <Count>4</Count>
        </Item>
      </Statistic>
      <Statistic Action="Debug 'Tomcat'">
        <Item>
          <IdeaActionID>Debug</IdeaActionID>
          <ShortCut>'⌘F11'</ShortCut>
          <Description>Debug 'Tomcat'</Description>
          <Count>2</Count>
        </Item>
      </Statistic>
      <Statistic Action="Debug 'TounaAccountCenterApplication'">
        <Item>
          <IdeaActionID>Debug</IdeaActionID>
          <ShortCut>'⌘F11'</ShortCut>
          <Description>Debug 'TounaAccountCenterApplication'</Description>
          <Count>2</Count>
        </Item>
      </Statistic>
      <Statistic Action="Debug 'Unnamed'">
        <Item>
          <IdeaActionID>Debug</IdeaActionID>
          <ShortCut>'⌘F11'</ShortCut>
          <Description>Debug 'Unnamed'</Description>
          <Count>9</Count>
        </Item>
      </Statistic>
      <Statistic Action="Debug 'bridgeReloanList.jsp'">
        <Item>
          <IdeaActionID>DebugClass</IdeaActionID>
          <ShortCut>'⌃⇧D'</ShortCut>
          <Description>Debug 'bridgeReloanList.jsp'</Description>
          <Count>1</Count>
        </Item>
      </Statistic>
      <Statistic Action="Declaration">
        <Item>
          <IdeaActionID>GotoDeclaration</IdeaActionID>
          <ShortCut>'F3' or '⌃Button1 Click' or '⌘Button1 Click'</ShortCut>
          <Description>Declaration</Description>
          <Count>5524</Count>
        </Item>
      </Statistic>
      <Statistic Action="Delete...">
        <Item>
          <IdeaActionID>$Delete</IdeaActionID>
          <ShortCut>'⌦' or '⌫' or '⌘⌫'</ShortCut>
          <Description>Delete...</Description>
          <Count>146</Count>
        </Item>
      </Statistic>
      <Statistic Action="Disconnect">
        <Item>
          <IdeaActionID>DatabaseView.CloseConnectionAction</IdeaActionID>
          <ShortCut>'⌘F2'</ShortCut>
          <Description>Disconnect</Description>
          <Count>13</Count>
        </Item>
      </Statistic>
      <Statistic Action="Evaluate Expression...">
        <Item>
          <IdeaActionID>EvaluateExpression</IdeaActionID>
          <ShortCut>'⌘U'</ShortCut>
          <Description>Evaluate Expression...</Description>
          <Count>113</Count>
        </Item>
      </Statistic>
      <Statistic Action="Find">
        <Item>
          <IdeaActionID>ActivateFindToolWindow</IdeaActionID>
          <ShortCut>'⌥⌘Q, S'</ShortCut>
          <Description>Find</Description>
          <Count>88</Count>
        </Item>
      </Statistic>
      <Statistic Action="Find Action...">
        <Item>
          <IdeaActionID>GotoAction</IdeaActionID>
          <ShortCut>'⌘3'</ShortCut>
          <Description>Find Action...</Description>
          <Count>1</Count>
        </Item>
      </Statistic>
      <Statistic Action="Find Usages">
        <Item>
          <IdeaActionID>FindUsages</IdeaActionID>
          <ShortCut>'⇧⌘G'</ShortCut>
          <Description>Find Usages</Description>
          <Count>2</Count>
        </Item>
      </Statistic>
      <Statistic Action="Force Step Into">
        <Item>
          <IdeaActionID>ForceStepInto</IdeaActionID>
          <ShortCut>'⌃⌘F5'</ShortCut>
          <Description>Force Step Into</Description>
          <Count>13</Count>
        </Item>
      </Statistic>
      <Statistic Action="Generate...">
        <Item>
          <IdeaActionID>Generate</IdeaActionID>
          <ShortCut>'⌘N' or '⌃⏎' or '⌥⌘S'</ShortCut>
          <Description>Generate...</Description>
          <Count>3</Count>
        </Item>
      </Statistic>
      <Statistic Action="Hide All Windows">
        <Item>
          <IdeaActionID>HideAllWindows</IdeaActionID>
          <ShortCut>'⇧⌘F12'</ShortCut>
          <Description>Hide All Windows</Description>
          <Count>3812</Count>
        </Item>
      </Statistic>
      <Statistic Action="Implementation(s)">
        <Item>
          <IdeaActionID>GotoImplementation</IdeaActionID>
          <ShortCut>'⌘T'</ShortCut>
          <Description>Implementation(s)</Description>
          <Count>3</Count>
        </Item>
      </Statistic>
      <Statistic Action="Jump to Navigation Bar">
        <Item>
          <IdeaActionID>ShowNavBar</IdeaActionID>
          <ShortCut>'⌥⌘B'</ShortCut>
          <Description>Jump to Navigation Bar</Description>
          <Count>1</Count>
        </Item>
      </Statistic>
      <Statistic Action="Jump to Source">
        <Item>
          <IdeaActionID>EditSource</IdeaActionID>
          <ShortCut>'F3'</ShortCut>
          <Description>Jump to Source</Description>
          <Count>1</Count>
        </Item>
      </Statistic>
      <Statistic Action="Messages">
        <Item>
          <IdeaActionID>ActivateMessagesToolWindow</IdeaActionID>
          <ShortCut>'⌘0'</ShortCut>
          <Description>Messages</Description>
          <Count>7</Count>
        </Item>
      </Statistic>
      <Statistic Action="Method...">
        <Item>
          <IdeaActionID>ExtractMethod</IdeaActionID>
          <ShortCut>'⌥⌘M'</ShortCut>
          <Description>Method...</Description>
          <Count>1</Count>
        </Item>
      </Statistic>
      <Statistic Action="Open Library Settings">
        <Item>
          <IdeaActionID>EditSource</IdeaActionID>
          <ShortCut>'F3'</ShortCut>
          <Description>Open Library Settings</Description>
          <Count>1</Count>
        </Item>
      </Statistic>
      <Statistic Action="Optimize Imports">
        <Item>
          <IdeaActionID>OptimizeImports</IdeaActionID>
          <ShortCut>'⇧⌘O'</ShortCut>
          <Description>Optimize Imports</Description>
          <Count>1</Count>
        </Item>
      </Statistic>
      <Statistic Action="Paste">
        <Item>
          <IdeaActionID>$Paste</IdeaActionID>
          <ShortCut>'⌘V'</ShortCut>
          <Description>Paste</Description>
          <Count>3</Count>
        </Item>
      </Statistic>
      <Statistic Action="Paste Simple">
        <Item>
          <IdeaActionID>EditorPasteSimple</IdeaActionID>
          <ShortCut>'⌥⇧⌘V'</ShortCut>
          <Description>Paste Simple</Description>
          <Count>1</Count>
        </Item>
      </Statistic>
      <Statistic Action="Project Structure...">
        <Item>
          <IdeaActionID>ShowProjectStructureSettings</IdeaActionID>
          <ShortCut>'⌘;'</ShortCut>
          <Description>Project Structure...</Description>
          <Count>280</Count>
        </Item>
      </Statistic>
      <Statistic Action="Push...">
        <Item>
          <IdeaActionID>Vcs.Push</IdeaActionID>
          <ShortCut>'⇧⌘K'</ShortCut>
          <Description>Push...</Description>
          <Count>2</Count>
        </Item>
      </Statistic>
      <Statistic Action="Quick Switch Scheme...">
        <Item>
          <IdeaActionID>QuickChangeScheme</IdeaActionID>
          <ShortCut>'⌃`'</ShortCut>
          <Description>Quick Switch Scheme...</Description>
          <Count>1</Count>
        </Item>
      </Statistic>
      <Statistic Action="Rebuild ... 'touna-repay.proxy'">
        <Item>
          <IdeaActionID>Compile</IdeaActionID>
          <ShortCut>'⇧⌘F9'</ShortCut>
          <Description>Rebuild ... 'touna-repay.proxy'</Description>
          <Count>3</Count>
        </Item>
      </Statistic>
      <Statistic Action="Rebuild ...e 'touna-pay-server'">
        <Item>
          <IdeaActionID>Compile</IdeaActionID>
          <ShortCut>'⇧⌘F9'</ShortCut>
          <Description>Rebuild ...e 'touna-pay-server'</Description>
          <Count>6</Count>
        </Item>
      </Statistic>
      <Statistic Action="Rebuild ...g-boot-starter-lock'">
        <Item>
          <IdeaActionID>Compile</IdeaActionID>
          <ShortCut>'⇧⌘F9'</ShortCut>
          <Description>Rebuild ...g-boot-starter-lock'</Description>
          <Count>2</Count>
        </Item>
      </Statistic>
      <Statistic Action="Rebuild ...le 'touna-fms-repay'">
        <Item>
          <IdeaActionID>Compile</IdeaActionID>
          <ShortCut>'⇧⌘F9'</ShortCut>
          <Description>Rebuild ...le 'touna-fms-repay'</Description>
          <Count>1</Count>
        </Item>
      </Statistic>
      <Statistic Action="Rebuild ...ngboot-mybatis-demo'">
        <Item>
          <IdeaActionID>Compile</IdeaActionID>
          <ShortCut>'⇧⌘F9'</ShortCut>
          <Description>Rebuild ...ngboot-mybatis-demo'</Description>
          <Count>1</Count>
        </Item>
      </Statistic>
      <Statistic Action="Rebuild ...ouna-account-center'">
        <Item>
          <IdeaActionID>Compile</IdeaActionID>
          <ShortCut>'⇧⌘F9'</ShortCut>
          <Description>Rebuild ...ouna-account-center'</Description>
          <Count>2</Count>
        </Item>
      </Statistic>
      <Statistic Action="Rebuild ...touna-repay.service'">
        <Item>
          <IdeaActionID>Compile</IdeaActionID>
          <ShortCut>'⇧⌘F9'</ShortCut>
          <Description>Rebuild ...touna-repay.service'</Description>
          <Count>2</Count>
        </Item>
      </Statistic>
      <Statistic Action="Rebuild Module 'dubbodemo'">
        <Item>
          <IdeaActionID>Compile</IdeaActionID>
          <ShortCut>'⇧⌘F9'</ShortCut>
          <Description>Rebuild Module 'dubbodemo'</Description>
          <Count>1</Count>
        </Item>
      </Statistic>
      <Statistic Action="Rebuild Module 'fms-admin'">
        <Item>
          <IdeaActionID>Compile</IdeaActionID>
          <ShortCut>'⇧⌘F9'</ShortCut>
          <Description>Rebuild Module 'fms-admin'</Description>
          <Count>6</Count>
        </Item>
      </Statistic>
      <Statistic Action="Rebuild Module 'loan-common'">
        <Item>
          <IdeaActionID>Compile</IdeaActionID>
          <ShortCut>'⇧⌘F9'</ShortCut>
          <Description>Rebuild Module 'loan-common'</Description>
          <Count>1</Count>
        </Item>
      </Statistic>
      <Statistic Action="Rebuild Module 'order-service'">
        <Item>
          <IdeaActionID>Compile</IdeaActionID>
          <ShortCut>'⇧⌘F9'</ShortCut>
          <Description>Rebuild Module 'order-service'</Description>
          <Count>1</Count>
        </Item>
      </Statistic>
      <Statistic Action="Rebuild Module 'touna-repay'">
        <Item>
          <IdeaActionID>Compile</IdeaActionID>
          <ShortCut>'⇧⌘F9'</ShortCut>
          <Description>Rebuild Module 'touna-repay'</Description>
          <Count>1</Count>
        </Item>
      </Statistic>
      <Statistic Action="Recompile '...CardExportImpl.java'">
        <Item>
          <IdeaActionID>Compile</IdeaActionID>
          <ShortCut>'⇧⌘F9'</ShortCut>
          <Description>Recompile '...CardExportImpl.java'</Description>
          <Count>1</Count>
        </Item>
      </Statistic>
      <Statistic Action="Recompile '...ClientReadOnly.java'">
        <Item>
          <IdeaActionID>Compile</IdeaActionID>
          <ShortCut>'⇧⌘F9'</ShortCut>
          <Description>Recompile '...ClientReadOnly.java'</Description>
          <Count>1</Count>
        </Item>
      </Statistic>
      <Statistic Action="Recompile '...FinanceServlet.java'">
        <Item>
          <IdeaActionID>Compile</IdeaActionID>
          <ShortCut>'⇧⌘F9'</ShortCut>
          <Description>Recompile '...FinanceServlet.java'</Description>
          <Count>6</Count>
        </Item>
      </Statistic>
      <Statistic Action="Recompile '...InsertImporter.java'">
        <Item>
          <IdeaActionID>Compile</IdeaActionID>
          <ShortCut>'⇧⌘F9'</ShortCut>
          <Description>Recompile '...InsertImporter.java'</Description>
          <Count>12</Count>
        </Item>
      </Statistic>
      <Statistic Action="Recompile '...RepayLogicImpl.java'">
        <Item>
          <IdeaActionID>Compile</IdeaActionID>
          <ShortCut>'⇧⌘F9'</ShortCut>
          <Description>Recompile '...RepayLogicImpl.java'</Description>
          <Count>3</Count>
        </Item>
      </Statistic>
      <Statistic Action="Recompile '...anBridgeAction.java'">
        <Item>
          <IdeaActionID>Compile</IdeaActionID>
          <ShortCut>'⇧⌘F9'</ShortCut>
          <Description>Recompile '...anBridgeAction.java'</Description>
          <Count>8</Count>
        </Item>
      </Statistic>
      <Statistic Action="Recompile '...ankServiceImpl.java'">
        <Item>
          <IdeaActionID>Compile</IdeaActionID>
          <ShortCut>'⇧⌘F9'</ShortCut>
          <Description>Recompile '...ankServiceImpl.java'</Description>
          <Count>2</Count>
        </Item>
      </Statistic>
      <Statistic Action="Recompile '...ansDefrayLogic.java'">
        <Item>
          <IdeaActionID>Compile</IdeaActionID>
          <ShortCut>'⇧⌘F9'</ShortCut>
          <Description>Recompile '...ansDefrayLogic.java'</Description>
          <Count>1</Count>
        </Item>
      </Statistic>
      <Statistic Action="Recompile '...ashServiceImpl.java'">
        <Item>
          <IdeaActionID>Compile</IdeaActionID>
          <ShortCut>'⇧⌘F9'</ShortCut>
          <Description>Recompile '...ashServiceImpl.java'</Description>
          <Count>3</Count>
        </Item>
      </Statistic>
      <Statistic Action="Recompile '...atsServiceImpl.java'">
        <Item>
          <IdeaActionID>Compile</IdeaActionID>
          <ShortCut>'⇧⌘F9'</ShortCut>
          <Description>Recompile '...atsServiceImpl.java'</Description>
          <Count>1</Count>
        </Item>
      </Statistic>
      <Statistic Action="Recompile '...dDeductServlet.java'">
        <Item>
          <IdeaActionID>Compile</IdeaActionID>
          <ShortCut>'⇧⌘F9'</ShortCut>
          <Description>Recompile '...dDeductServlet.java'</Description>
          <Count>2</Count>
        </Item>
      </Statistic>
      <Statistic Action="Recompile '...dgeServiceImpl.java'">
        <Item>
          <IdeaActionID>Compile</IdeaActionID>
          <ShortCut>'⇧⌘F9'</ShortCut>
          <Description>Recompile '...dgeServiceImpl.java'</Description>
          <Count>1</Count>
        </Item>
      </Statistic>
      <Statistic Action="Recompile '...erConsumeLogic.java'">
        <Item>
          <IdeaActionID>Compile</IdeaActionID>
          <ShortCut>'⇧⌘F9'</ShortCut>
          <Description>Recompile '...erConsumeLogic.java'</Description>
          <Count>1</Count>
        </Item>
      </Statistic>
      <Statistic Action="Recompile '...erviceConsumer.java'">
        <Item>
          <IdeaActionID>Compile</IdeaActionID>
          <ShortCut>'⇧⌘F9'</ShortCut>
          <Description>Recompile '...erviceConsumer.java'</Description>
          <Count>3</Count>
        </Item>
      </Statistic>
      <Statistic Action="Recompile '...geServiceProxy.java'">
        <Item>
          <IdeaActionID>Compile</IdeaActionID>
          <ShortCut>'⇧⌘F9'</ShortCut>
          <Description>Recompile '...geServiceProxy.java'</Description>
          <Count>1</Count>
        </Item>
      </Statistic>
      <Statistic Action="Recompile '...istServiceImpl.java'">
        <Item>
          <IdeaActionID>Compile</IdeaActionID>
          <ShortCut>'⇧⌘F9'</ShortCut>
          <Description>Recompile '...istServiceImpl.java'</Description>
          <Count>2</Count>
        </Item>
      </Statistic>
      <Statistic Action="Recompile '...nBridgeService.java'">
        <Item>
          <IdeaActionID>Compile</IdeaActionID>
          <ShortCut>'⇧⌘F9'</ShortCut>
          <Description>Recompile '...nBridgeService.java'</Description>
          <Count>1</Count>
        </Item>
      </Statistic>
      <Statistic Action="Recompile '...nanceProcessor.java'">
        <Item>
          <IdeaActionID>Compile</IdeaActionID>
          <ShortCut>'⇧⌘F9'</ShortCut>
          <Description>Recompile '...nanceProcessor.java'</Description>
          <Count>1</Count>
        </Item>
      </Statistic>
      <Statistic Action="Recompile '...nerRepayHelper.java'">
        <Item>
          <IdeaActionID>Compile</IdeaActionID>
          <ShortCut>'⇧⌘F9'</ShortCut>
          <Description>Recompile '...nerRepayHelper.java'</Description>
          <Count>1</Count>
        </Item>
      </Statistic>
      <Statistic Action="Recompile '...nternalAccount.java'">
        <Item>
          <IdeaActionID>Compile</IdeaActionID>
          <ShortCut>'⇧⌘F9'</ShortCut>
          <Description>Recompile '...nternalAccount.java'</Description>
          <Count>1</Count>
        </Item>
      </Statistic>
      <Statistic Action="Recompile '...ommonException.java'">
        <Item>
          <IdeaActionID>Compile</IdeaActionID>
          <ShortCut>'⇧⌘F9'</ShortCut>
          <Description>Recompile '...ommonException.java'</Description>
          <Count>1</Count>
        </Item>
      </Statistic>
      <Statistic Action="Recompile '...ountServiceApi.java'">
        <Item>
          <IdeaActionID>Compile</IdeaActionID>
          <ShortCut>'⇧⌘F9'</ShortCut>
          <Description>Recompile '...ountServiceApi.java'</Description>
          <Count>1</Count>
        </Item>
      </Statistic>
      <Statistic Action="Recompile '...sdayDeductTask.java'">
        <Item>
          <IdeaActionID>Compile</IdeaActionID>
          <ShortCut>'⇧⌘F9'</ShortCut>
          <Description>Recompile '...sdayDeductTask.java'</Description>
          <Count>1</Count>
        </Item>
      </Statistic>
      <Statistic Action="Recompile '...tCheckImporter.java'">
        <Item>
          <IdeaActionID>Compile</IdeaActionID>
          <ShortCut>'⇧⌘F9'</ShortCut>
          <Description>Recompile '...tCheckImporter.java'</Description>
          <Count>1</Count>
        </Item>
      </Statistic>
      <Statistic Action="Recompile '...tyDeductRecord.java'">
        <Item>
          <IdeaActionID>Compile</IdeaActionID>
          <ShortCut>'⇧⌘F9'</ShortCut>
          <Description>Recompile '...tyDeductRecord.java'</Description>
          <Count>1</Count>
        </Item>
      </Statistic>
      <Statistic Action="Recompile '...untServiceImpl.java'">
        <Item>
          <IdeaActionID>Compile</IdeaActionID>
          <ShortCut>'⇧⌘F9'</ShortCut>
          <Description>Recompile '...untServiceImpl.java'</Description>
          <Count>1</Count>
        </Item>
      </Statistic>
      <Statistic Action="Recompile '...viceFacadeImpl.java'">
        <Item>
          <IdeaActionID>Compile</IdeaActionID>
          <ShortCut>'⇧⌘F9'</ShortCut>
          <Description>Recompile '...viceFacadeImpl.java'</Description>
          <Count>6</Count>
        </Item>
      </Statistic>
      <Statistic Action="Recompile 'BaofooHelper.java'">
        <Item>
          <IdeaActionID>Compile</IdeaActionID>
          <ShortCut>'⇧⌘F9'</ShortCut>
          <Description>Recompile 'BaofooHelper.java'</Description>
          <Count>2</Count>
        </Item>
      </Statistic>
      <Statistic Action="Recompile 'CgbRepayHelper.java'">
        <Item>
          <IdeaActionID>Compile</IdeaActionID>
          <ShortCut>'⇧⌘F9'</ShortCut>
          <Description>Recompile 'CgbRepayHelper.java'</Description>
          <Count>2</Count>
        </Item>
      </Statistic>
      <Statistic Action="Recompile 'HelloMojo.java'">
        <Item>
          <IdeaActionID>Compile</IdeaActionID>
          <ShortCut>'⇧⌘F9'</ShortCut>
          <Description>Recompile 'HelloMojo.java'</Description>
          <Count>1</Count>
        </Item>
      </Statistic>
      <Statistic Action="Recompile 'InternalAccount.java'">
        <Item>
          <IdeaActionID>Compile</IdeaActionID>
          <ShortCut>'⇧⌘F9'</ShortCut>
          <Description>Recompile 'InternalAccount.java'</Description>
          <Count>1</Count>
        </Item>
      </Statistic>
      <Statistic Action="Recompile 'LoanUtils.java'">
        <Item>
          <IdeaActionID>Compile</IdeaActionID>
          <ShortCut>'⇧⌘F9'</ShortCut>
          <Description>Recompile 'LoanUtils.java'</Description>
          <Count>1</Count>
        </Item>
      </Statistic>
      <Statistic Action="Recompile 'MergePay.java'">
        <Item>
          <IdeaActionID>Compile</IdeaActionID>
          <ShortCut>'⇧⌘F9'</ShortCut>
          <Description>Recompile 'MergePay.java'</Description>
          <Count>1</Count>
        </Item>
      </Statistic>
      <Statistic Action="Recompile 'MySort.java'">
        <Item>
          <IdeaActionID>Compile</IdeaActionID>
          <ShortCut>'⇧⌘F9'</ShortCut>
          <Description>Recompile 'MySort.java'</Description>
          <Count>1</Count>
        </Item>
      </Statistic>
      <Statistic Action="Recompile 'OnStack.java'">
        <Item>
          <IdeaActionID>Compile</IdeaActionID>
          <ShortCut>'⇧⌘F9'</ShortCut>
          <Description>Recompile 'OnStack.java'</Description>
          <Count>2</Count>
        </Item>
      </Statistic>
      <Statistic Action="Recompile 'OrderApplication.java'">
        <Item>
          <IdeaActionID>Compile</IdeaActionID>
          <ShortCut>'⇧⌘F9'</ShortCut>
          <Description>Recompile 'OrderApplication.java'</Description>
          <Count>1</Count>
        </Item>
      </Statistic>
      <Statistic Action="Recompile 'ProductClient.java'">
        <Item>
          <IdeaActionID>Compile</IdeaActionID>
          <ShortCut>'⇧⌘F9'</ShortCut>
          <Description>Recompile 'ProductClient.java'</Description>
          <Count>2</Count>
        </Item>
      </Statistic>
      <Statistic Action="Recompile 'ReturninfoAction.java'">
        <Item>
          <IdeaActionID>Compile</IdeaActionID>
          <ShortCut>'⇧⌘F9'</ShortCut>
          <Description>Recompile 'ReturninfoAction.java'</Description>
          <Count>19</Count>
        </Item>
      </Statistic>
      <Statistic Action="Recompile 'SignConfig.java'">
        <Item>
          <IdeaActionID>Compile</IdeaActionID>
          <ShortCut>'⇧⌘F9'</ShortCut>
          <Description>Recompile 'SignConfig.java'</Description>
          <Count>1</Count>
        </Item>
      </Statistic>
      <Statistic Action="Recompile 'Sort.java'">
        <Item>
          <IdeaActionID>Compile</IdeaActionID>
          <ShortCut>'⇧⌘F9'</ShortCut>
          <Description>Recompile 'Sort.java'</Description>
          <Count>3</Count>
        </Item>
      </Statistic>
      <Statistic Action="Recompile 'TransLogicImpl.java'">
        <Item>
          <IdeaActionID>Compile</IdeaActionID>
          <ShortCut>'⇧⌘F9'</ShortCut>
          <Description>Recompile 'TransLogicImpl.java'</Description>
          <Count>3</Count>
        </Item>
      </Statistic>
      <Statistic Action="Recompile 'process.properties'">
        <Item>
          <IdeaActionID>Compile</IdeaActionID>
          <ShortCut>'⇧⌘F9'</ShortCut>
          <Description>Recompile 'process.properties'</Description>
          <Count>1</Count>
        </Item>
      </Statistic>
      <Statistic Action="Remove">
        <Item>
          <IdeaActionID>$Delete</IdeaActionID>
          <ShortCut>'⌦' or '⌫' or '⌘⌫'</ShortCut>
          <Description>Remove</Description>
          <Count>5</Count>
        </Item>
      </Statistic>
      <Statistic Action="Remove Module">
        <Item>
          <IdeaActionID>$Delete</IdeaActionID>
          <ShortCut>'⌦' or '⌫' or '⌘⌫'</ShortCut>
          <Description>Remove Module</Description>
          <Count>32</Count>
        </Item>
      </Statistic>
      <Statistic Action="Restore Windows">
        <Item>
          <IdeaActionID>HideAllWindows</IdeaActionID>
          <ShortCut>'⇧⌘F12'</ShortCut>
          <Description>Restore Windows</Description>
          <Count>182</Count>
        </Item>
      </Statistic>
      <Statistic Action="Revert...">
        <Item>
          <IdeaActionID>ChangesView.Revert</IdeaActionID>
          <ShortCut>'⌃⌥⇧Z'</ShortCut>
          <Description>Revert...</Description>
          <Count>140</Count>
        </Item>
      </Statistic>
      <Statistic Action="Run 'CustomerApplication'">
        <Item>
          <IdeaActionID>Run</IdeaActionID>
          <ShortCut>'⇧⌘F11'</ShortCut>
          <Description>Run 'CustomerApplication'</Description>
          <Count>2</Count>
        </Item>
      </Statistic>
      <Statistic Action="Run 'DiscoveryApplication'">
        <Item>
          <IdeaActionID>Run</IdeaActionID>
          <ShortCut>'⇧⌘F11'</ShortCut>
          <Description>Run 'DiscoveryApplication'</Description>
          <Count>1</Count>
        </Item>
      </Statistic>
      <Statistic Action="Run 'FinanceServiceApplication'">
        <Item>
          <IdeaActionID>Run</IdeaActionID>
          <ShortCut>'⇧⌘F11'</ShortCut>
          <Description>Run 'FinanceServiceApplication'</Description>
          <Count>1</Count>
        </Item>
      </Statistic>
      <Statistic Action="Run 'GatewayApplication'">
        <Item>
          <IdeaActionID>Run</IdeaActionID>
          <ShortCut>'⇧⌘F11'</ShortCut>
          <Description>Run 'GatewayApplication'</Description>
          <Count>1</Count>
        </Item>
      </Statistic>
      <Statistic Action="Run 'InternalAccountServi...'">
        <Item>
          <IdeaActionID>RunClass</IdeaActionID>
          <ShortCut>'⌃⇧R'</ShortCut>
          <Description>Run 'InternalAccountServi...'</Description>
          <Count>1</Count>
        </Item>
      </Statistic>
      <Statistic Action="Run 'LMSMain'">
        <Item>
          <IdeaActionID>Run</IdeaActionID>
          <ShortCut>'⇧⌘F11'</ShortCut>
          <Description>Run 'LMSMain'</Description>
          <Count>7</Count>
        </Item>
      </Statistic>
      <Statistic Action="Run 'Main'">
        <Item>
          <IdeaActionID>Run</IdeaActionID>
          <ShortCut>'⇧⌘F11'</ShortCut>
          <Description>Run 'Main'</Description>
          <Count>4</Count>
        </Item>
      </Statistic>
      <Statistic Action="Run 'Main.main()'">
        <Item>
          <IdeaActionID>RunClass</IdeaActionID>
          <ShortCut>'⌃⇧R'</ShortCut>
          <Description>Run 'Main.main()'</Description>
          <Count>1</Count>
        </Item>
      </Statistic>
      <Statistic Action="Run 'OrderApplication'">
        <Item>
          <IdeaActionID>Run</IdeaActionID>
          <ShortCut>'⇧⌘F11'</ShortCut>
          <Description>Run 'OrderApplication'</Description>
          <Count>3</Count>
        </Item>
      </Statistic>
      <Statistic Action="Run 'PayContainer'">
        <Item>
          <IdeaActionID>Run</IdeaActionID>
          <ShortCut>'⇧⌘F11'</ShortCut>
          <Description>Run 'PayContainer'</Description>
          <Count>5</Count>
        </Item>
      </Statistic>
      <Statistic Action="Run 'PayOrderServiceImpl'">
        <Item>
          <IdeaActionID>Run</IdeaActionID>
          <ShortCut>'⇧⌘F11'</ShortCut>
          <Description>Run 'PayOrderServiceImpl'</Description>
          <Count>1</Count>
        </Item>
      </Statistic>
      <Statistic Action="Run 'ProductApplication'">
        <Item>
          <IdeaActionID>Run</IdeaActionID>
          <ShortCut>'⇧⌘F11'</ShortCut>
          <Description>Run 'ProductApplication'</Description>
          <Count>2</Count>
        </Item>
      </Statistic>
      <Statistic Action="Run 'ReloanBridgeAction'">
        <Item>
          <IdeaActionID>Run</IdeaActionID>
          <ShortCut>'⇧⌘F11'</ShortCut>
          <Description>Run 'ReloanBridgeAction'</Description>
          <Count>1</Count>
        </Item>
      </Statistic>
      <Statistic Action="Run 'Tomcat 8'">
        <Item>
          <IdeaActionID>Run</IdeaActionID>
          <ShortCut>'⇧⌘F11'</ShortCut>
          <Description>Run 'Tomcat 8'</Description>
          <Count>10</Count>
        </Item>
      </Statistic>
      <Statistic Action="Run 'Tomcat 8.5.24'">
        <Item>
          <IdeaActionID>Run</IdeaActionID>
          <ShortCut>'⇧⌘F11'</ShortCut>
          <Description>Run 'Tomcat 8.5.24'</Description>
          <Count>3</Count>
        </Item>
      </Statistic>
      <Statistic Action="Run 'Tomcat'">
        <Item>
          <IdeaActionID>Run</IdeaActionID>
          <ShortCut>'⇧⌘F11'</ShortCut>
          <Description>Run 'Tomcat'</Description>
          <Count>6</Count>
        </Item>
      </Statistic>
      <Statistic Action="Run 'TounaAccountCenterAp...'">
        <Item>
          <IdeaActionID>RunClass</IdeaActionID>
          <ShortCut>'⌃⇧R'</ShortCut>
          <Description>Run 'TounaAccountCenterAp...'</Description>
          <Count>2</Count>
        </Item>
      </Statistic>
      <Statistic Action="Run 'TounaAccountCenterApplication'">
        <Item>
          <IdeaActionID>Run</IdeaActionID>
          <ShortCut>'⇧⌘F11'</ShortCut>
          <Description>Run 'TounaAccountCenterApplication'</Description>
          <Count>1</Count>
        </Item>
      </Statistic>
      <Statistic Action="Run 'TounaRepayProxyMain'">
        <Item>
          <IdeaActionID>Run</IdeaActionID>
          <ShortCut>'⇧⌘F11'</ShortCut>
          <Description>Run 'TounaRepayProxyMain'</Description>
          <Count>1</Count>
        </Item>
      </Statistic>
      <Statistic Action="Run 'TransferConsumeLogic'">
        <Item>
          <IdeaActionID>Run</IdeaActionID>
          <ShortCut>'⇧⌘F11'</ShortCut>
          <Description>Run 'TransferConsumeLogic'</Description>
          <Count>1</Count>
        </Item>
      </Statistic>
      <Statistic Action="Run 'Unnamed'">
        <Item>
          <IdeaActionID>Run</IdeaActionID>
          <ShortCut>'⇧⌘F11'</ShortCut>
          <Description>Run 'Unnamed'</Description>
          <Count>19</Count>
        </Item>
      </Statistic>
      <Statistic Action="Run 'lms'">
        <Item>
          <IdeaActionID>Run</IdeaActionID>
          <ShortCut>'⇧⌘F11'</ShortCut>
          <Description>Run 'lms'</Description>
          <Count>15</Count>
        </Item>
      </Statistic>
      <Statistic Action="Run 'server1'">
        <Item>
          <IdeaActionID>Run</IdeaActionID>
          <ShortCut>'⇧⌘F11'</ShortCut>
          <Description>Run 'server1'</Description>
          <Count>3</Count>
        </Item>
      </Statistic>
      <Statistic Action="Run 'server2'">
        <Item>
          <IdeaActionID>Run</IdeaActionID>
          <ShortCut>'⇧⌘F11'</ShortCut>
          <Description>Run 'server2'</Description>
          <Count>3</Count>
        </Item>
      </Statistic>
      <Statistic Action="Run 'server3'">
        <Item>
          <IdeaActionID>Run</IdeaActionID>
          <ShortCut>'⇧⌘F11'</ShortCut>
          <Description>Run 'server3'</Description>
          <Count>4</Count>
        </Item>
      </Statistic>
      <Statistic Action="Set Value...">
        <Item>
          <IdeaActionID>XDebugger.SetValue</IdeaActionID>
          <ShortCut>'F2'</ShortCut>
          <Description>Set Value...</Description>
          <Count>28</Count>
        </Item>
      </Statistic>
      <Statistic Action="Show Dependencies...">
        <Item>
          <IdeaActionID>ShowUmlDiagram</IdeaActionID>
          <ShortCut>'⌥⇧⌘U'</ShortCut>
          <Description>Show Dependencies...</Description>
          <Count>3</Count>
        </Item>
      </Statistic>
      <Statistic Action="Show Diff">
        <Item>
          <IdeaActionID>Diff.ShowDiff</IdeaActionID>
          <ShortCut>'⌘D'</ShortCut>
          <Description>Show Diff</Description>
          <Count>322</Count>
        </Item>
      </Statistic>
      <Statistic Action="Show Diff as UML">
        <Item>
          <IdeaActionID>Uml.ShowDiff</IdeaActionID>
          <ShortCut>'⇧⌘D'</ShortCut>
          <Description>Show Diff as UML</Description>
          <Count>1</Count>
        </Item>
      </Statistic>
      <Statistic Action="Show Local Changes as UML">
        <Item>
          <IdeaActionID>UML.ShowChanges</IdeaActionID>
          <ShortCut>'⌥⇧⌘D'</ShortCut>
          <Description>Show Local Changes as UML</Description>
          <Count>1</Count>
        </Item>
      </Statistic>
      <Statistic Action="Step Into">
        <Item>
          <IdeaActionID>StepInto</IdeaActionID>
          <ShortCut>'F5'</ShortCut>
          <Description>Step Into</Description>
          <Count>213</Count>
        </Item>
      </Statistic>
      <Statistic Action="Step Out">
        <Item>
          <IdeaActionID>StepOut</IdeaActionID>
          <ShortCut>'F7'</ShortCut>
          <Description>Step Out</Description>
          <Count>43</Count>
        </Item>
      </Statistic>
      <Statistic Action="Stop 'AccountServiceApiTest.balanceIncrease'">
        <Item>
          <IdeaActionID>Stop</IdeaActionID>
          <ShortCut>'⌘F2'</ShortCut>
          <Description>Stop 'AccountServiceApiTest.balanceIncrease'</Description>
          <Count>3</Count>
        </Item>
      </Statistic>
      <Statistic Action="Stop 'AccountServiceApiTest.frozenAmount'">
        <Item>
          <IdeaActionID>Stop</IdeaActionID>
          <ShortCut>'⌘F2'</ShortCut>
          <Description>Stop 'AccountServiceApiTest.frozenAmount'</Description>
          <Count>15</Count>
        </Item>
      </Statistic>
      <Statistic Action="Stop 'AccountServiceApiTest.unfreezeSucc'">
        <Item>
          <IdeaActionID>Stop</IdeaActionID>
          <ShortCut>'⌘F2'</ShortCut>
          <Description>Stop 'AccountServiceApiTest.unfreezeSucc'</Description>
          <Count>1</Count>
        </Item>
      </Statistic>
      <Statistic Action="Stop 'AccountStatsServiceTest'">
        <Item>
          <IdeaActionID>Stop</IdeaActionID>
          <ShortCut>'⌘F2'</ShortCut>
          <Description>Stop 'AccountStatsServiceTest'</Description>
          <Count>1</Count>
        </Item>
      </Statistic>
      <Statistic Action="Stop 'AccountStatsServiceTest.countUsableBalance'">
        <Item>
          <IdeaActionID>Stop</IdeaActionID>
          <ShortCut>'⌘F2'</ShortCut>
          <Description>Stop 'AccountStatsServiceTest.countUsableBalance'</Description>
          <Count>1</Count>
        </Item>
      </Statistic>
      <Statistic Action="Stop 'AccountStatsServiceTest.getUsableBalance'">
        <Item>
          <IdeaActionID>Stop</IdeaActionID>
          <ShortCut>'⌘F2'</ShortCut>
          <Description>Stop 'AccountStatsServiceTest.getUsableBalance'</Description>
          <Count>5</Count>
        </Item>
      </Statistic>
      <Statistic Action="Stop 'AutoThursdayDeductTask'">
        <Item>
          <IdeaActionID>Stop</IdeaActionID>
          <ShortCut>'⌘F2'</ShortCut>
          <Description>Stop 'AutoThursdayDeductTask'</Description>
          <Count>11</Count>
        </Item>
      </Statistic>
      <Statistic Action="Stop 'BankCardExportImpl'">
        <Item>
          <IdeaActionID>Stop</IdeaActionID>
          <ShortCut>'⌘F2'</ShortCut>
          <Description>Stop 'BankCardExportImpl'</Description>
          <Count>1</Count>
        </Item>
      </Statistic>
      <Statistic Action="Stop 'BaoFooFinanceProcessor'">
        <Item>
          <IdeaActionID>Stop</IdeaActionID>
          <ShortCut>'⌘F2'</ShortCut>
          <Description>Stop 'BaoFooFinanceProcessor'</Description>
          <Count>7</Count>
        </Item>
      </Statistic>
      <Statistic Action="Stop 'BaoFooFinanceQueryTaskLogic'">
        <Item>
          <IdeaActionID>Stop</IdeaActionID>
          <ShortCut>'⌘F2'</ShortCut>
          <Description>Stop 'BaoFooFinanceQueryTaskLogic'</Description>
          <Count>1</Count>
        </Item>
      </Statistic>
      <Statistic Action="Stop 'BaofooAccordBindCard'">
        <Item>
          <IdeaActionID>Stop</IdeaActionID>
          <ShortCut>'⌘F2'</ShortCut>
          <Description>Stop 'BaofooAccordBindCard'</Description>
          <Count>15</Count>
        </Item>
      </Statistic>
      <Statistic Action="Stop 'BaofooIncomeServiceImpl'">
        <Item>
          <IdeaActionID>Stop</IdeaActionID>
          <ShortCut>'⌘F2'</ShortCut>
          <Description>Stop 'BaofooIncomeServiceImpl'</Description>
          <Count>14</Count>
        </Item>
      </Statistic>
      <Statistic Action="Stop 'BinarySearch'">
        <Item>
          <IdeaActionID>Stop</IdeaActionID>
          <ShortCut>'⌘F2'</ShortCut>
          <Description>Stop 'BinarySearch'</Description>
          <Count>1</Count>
        </Item>
      </Statistic>
      <Statistic Action="Stop 'BloomFilterTest.bloom'">
        <Item>
          <IdeaActionID>Stop</IdeaActionID>
          <ShortCut>'⌘F2'</ShortCut>
          <Description>Stop 'BloomFilterTest.bloom'</Description>
          <Count>5</Count>
        </Item>
      </Statistic>
      <Statistic Action="Stop 'ChargeExample'">
        <Item>
          <IdeaActionID>Stop</IdeaActionID>
          <ShortCut>'⌘F2'</ShortCut>
          <Description>Stop 'ChargeExample'</Description>
          <Count>1</Count>
        </Item>
      </Statistic>
      <Statistic Action="Stop 'CustomerApplication'">
        <Item>
          <IdeaActionID>Stop</IdeaActionID>
          <ShortCut>'⌘F2'</ShortCut>
          <Description>Stop 'CustomerApplication'</Description>
          <Count>4</Count>
        </Item>
      </Statistic>
      <Statistic Action="Stop 'DES3Util'">
        <Item>
          <IdeaActionID>Stop</IdeaActionID>
          <ShortCut>'⌘F2'</ShortCut>
          <Description>Stop 'DES3Util'</Description>
          <Count>1</Count>
        </Item>
      </Statistic>
      <Statistic Action="Stop 'DeductSubLogDaoTest.queryByApplyIdTest'">
        <Item>
          <IdeaActionID>Stop</IdeaActionID>
          <ShortCut>'⌘F2'</ShortCut>
          <Description>Stop 'DeductSubLogDaoTest.queryByApplyIdTest'</Description>
          <Count>4</Count>
        </Item>
      </Statistic>
      <Statistic Action="Stop 'DeductedRecordServiceImpl'">
        <Item>
          <IdeaActionID>Stop</IdeaActionID>
          <ShortCut>'⌘F2'</ShortCut>
          <Description>Stop 'DeductedRecordServiceImpl'</Description>
          <Count>3</Count>
        </Item>
      </Statistic>
      <Statistic Action="Stop 'DiscoveryApplication'">
        <Item>
          <IdeaActionID>Stop</IdeaActionID>
          <ShortCut>'⌘F2'</ShortCut>
          <Description>Stop 'DiscoveryApplication'</Description>
          <Count>2</Count>
        </Item>
      </Statistic>
      <Statistic Action="Stop 'FinanceServiceApplication'">
        <Item>
          <IdeaActionID>Stop</IdeaActionID>
          <ShortCut>'⌘F2'</ShortCut>
          <Description>Stop 'FinanceServiceApplication'</Description>
          <Count>7</Count>
        </Item>
      </Statistic>
      <Statistic Action="Stop 'FmsRepayConsumer'">
        <Item>
          <IdeaActionID>Stop</IdeaActionID>
          <ShortCut>'⌘F2'</ShortCut>
          <Description>Stop 'FmsRepayConsumer'</Description>
          <Count>6</Count>
        </Item>
      </Statistic>
      <Statistic Action="Stop 'GatewayApplication'">
        <Item>
          <IdeaActionID>Stop</IdeaActionID>
          <ShortCut>'⌘F2'</ShortCut>
          <Description>Stop 'GatewayApplication'</Description>
          <Count>3</Count>
        </Item>
      </Statistic>
      <Statistic Action="Stop 'HashingTest.threadTest'">
        <Item>
          <IdeaActionID>Stop</IdeaActionID>
          <ShortCut>'⌘F2'</ShortCut>
          <Description>Stop 'HashingTest.threadTest'</Description>
          <Count>3</Count>
        </Item>
      </Statistic>
      <Statistic Action="Stop 'HelloMojo'">
        <Item>
          <IdeaActionID>Stop</IdeaActionID>
          <ShortCut>'⌘F2'</ShortCut>
          <Description>Stop 'HelloMojo'</Description>
          <Count>17</Count>
        </Item>
      </Statistic>
      <Statistic Action="Stop 'HomeSocket'">
        <Item>
          <IdeaActionID>Stop</IdeaActionID>
          <ShortCut>'⌘F2'</ShortCut>
          <Description>Stop 'HomeSocket'</Description>
          <Count>1</Count>
        </Item>
      </Statistic>
      <Statistic Action="Stop 'InternalAccountDaoTest.getUniqueAccountTest'">
        <Item>
          <IdeaActionID>Stop</IdeaActionID>
          <ShortCut>'⌘F2'</ShortCut>
          <Description>Stop 'InternalAccountDaoTest.getUniqueAccountTest'</Description>
          <Count>5</Count>
        </Item>
      </Statistic>
      <Statistic Action="Stop 'InternalAccountDaoTest.insert'">
        <Item>
          <IdeaActionID>Stop</IdeaActionID>
          <ShortCut>'⌘F2'</ShortCut>
          <Description>Stop 'InternalAccountDaoTest.insert'</Description>
          <Count>1</Count>
        </Item>
      </Statistic>
      <Statistic Action="Stop 'InternalAccountDaoTest.selectList'">
        <Item>
          <IdeaActionID>Stop</IdeaActionID>
          <ShortCut>'⌘F2'</ShortCut>
          <Description>Stop 'InternalAccountDaoTest.selectList'</Description>
          <Count>1</Count>
        </Item>
      </Statistic>
      <Statistic Action="Stop 'LakalaFinanceQueryTaskLogic'">
        <Item>
          <IdeaActionID>Stop</IdeaActionID>
          <ShortCut>'⌘F2'</ShortCut>
          <Description>Stop 'LakalaFinanceQueryTaskLogic'</Description>
          <Count>20</Count>
        </Item>
      </Statistic>
      <Statistic Action="Stop 'ListTelnetHandlerTest.testListGroup'">
        <Item>
          <IdeaActionID>Stop</IdeaActionID>
          <ShortCut>'⌘F2'</ShortCut>
          <Description>Stop 'ListTelnetHandlerTest.testListGroup'</Description>
          <Count>1</Count>
        </Item>
      </Statistic>
      <Statistic Action="Stop 'MergePay'">
        <Item>
          <IdeaActionID>Stop</IdeaActionID>
          <ShortCut>'⌘F2'</ShortCut>
          <Description>Stop 'MergePay'</Description>
          <Count>1</Count>
        </Item>
      </Statistic>
      <Statistic Action="Stop 'MySort'">
        <Item>
          <IdeaActionID>Stop</IdeaActionID>
          <ShortCut>'⌘F2'</ShortCut>
          <Description>Stop 'MySort'</Description>
          <Count>2</Count>
        </Item>
      </Statistic>
      <Statistic Action="Stop 'OnStack'">
        <Item>
          <IdeaActionID>Stop</IdeaActionID>
          <ShortCut>'⌘F2'</ShortCut>
          <Description>Stop 'OnStack'</Description>
          <Count>1</Count>
        </Item>
      </Statistic>
      <Statistic Action="Stop 'OrderApplication'">
        <Item>
          <IdeaActionID>Stop</IdeaActionID>
          <ShortCut>'⌘F2'</ShortCut>
          <Description>Stop 'OrderApplication'</Description>
          <Count>8</Count>
        </Item>
      </Statistic>
      <Statistic Action="Stop 'ParellelTest.mockTest'">
        <Item>
          <IdeaActionID>Stop</IdeaActionID>
          <ShortCut>'⌘F2'</ShortCut>
          <Description>Stop 'ParellelTest.mockTest'</Description>
          <Count>7</Count>
        </Item>
      </Statistic>
      <Statistic Action="Stop 'PartnerBankServiceConsumer'">
        <Item>
          <IdeaActionID>Stop</IdeaActionID>
          <ShortCut>'⌘F2'</ShortCut>
          <Description>Stop 'PartnerBankServiceConsumer'</Description>
          <Count>5</Count>
        </Item>
      </Statistic>
      <Statistic Action="Stop 'PartnerBankServiceImpl'">
        <Item>
          <IdeaActionID>Stop</IdeaActionID>
          <ShortCut>'⌘F2'</ShortCut>
          <Description>Stop 'PartnerBankServiceImpl'</Description>
          <Count>8</Count>
        </Item>
      </Statistic>
      <Statistic Action="Stop 'PayBankServiceImpl'">
        <Item>
          <IdeaActionID>Stop</IdeaActionID>
          <ShortCut>'⌘F2'</ShortCut>
          <Description>Stop 'PayBankServiceImpl'</Description>
          <Count>4</Count>
        </Item>
      </Statistic>
      <Statistic Action="Stop 'PayChannel'">
        <Item>
          <IdeaActionID>Stop</IdeaActionID>
          <ShortCut>'⌘F2'</ShortCut>
          <Description>Stop 'PayChannel'</Description>
          <Count>3</Count>
        </Item>
      </Statistic>
      <Statistic Action="Stop 'PayContainer'">
        <Item>
          <IdeaActionID>Stop</IdeaActionID>
          <ShortCut>'⌘F2'</ShortCut>
          <Description>Stop 'PayContainer'</Description>
          <Count>18</Count>
        </Item>
      </Statistic>
      <Statistic Action="Stop 'PayOrderDaoTest.selectById'">
        <Item>
          <IdeaActionID>Stop</IdeaActionID>
          <ShortCut>'⌘F2'</ShortCut>
          <Description>Stop 'PayOrderDaoTest.selectById'</Description>
          <Count>2</Count>
        </Item>
      </Statistic>
      <Statistic Action="Stop 'PayOrderServiceImpl'">
        <Item>
          <IdeaActionID>Stop</IdeaActionID>
          <ShortCut>'⌘F2'</ShortCut>
          <Description>Stop 'PayOrderServiceImpl'</Description>
          <Count>13</Count>
        </Item>
      </Statistic>
      <Statistic Action="Stop 'PayRealTime'">
        <Item>
          <IdeaActionID>Stop</IdeaActionID>
          <ShortCut>'⌘F2'</ShortCut>
          <Description>Stop 'PayRealTime'</Description>
          <Count>12</Count>
        </Item>
      </Statistic>
      <Statistic Action="Stop 'PaybankService'">
        <Item>
          <IdeaActionID>Stop</IdeaActionID>
          <ShortCut>'⌘F2'</ShortCut>
          <Description>Stop 'PaybankService'</Description>
          <Count>4</Count>
        </Item>
      </Statistic>
      <Statistic Action="Stop 'ProductApplication'">
        <Item>
          <IdeaActionID>Stop</IdeaActionID>
          <ShortCut>'⌘F2'</ShortCut>
          <Description>Stop 'ProductApplication'</Description>
          <Count>2</Count>
        </Item>
      </Statistic>
      <Statistic Action="Stop 'QuickSort'">
        <Item>
          <IdeaActionID>Stop</IdeaActionID>
          <ShortCut>'⌘F2'</ShortCut>
          <Description>Stop 'QuickSort'</Description>
          <Count>4</Count>
        </Item>
      </Statistic>
      <Statistic Action="Stop 'RealTimeDeduct'">
        <Item>
          <IdeaActionID>Stop</IdeaActionID>
          <ShortCut>'⌘F2'</ShortCut>
          <Description>Stop 'RealTimeDeduct'</Description>
          <Count>32</Count>
        </Item>
      </Statistic>
      <Statistic Action="Stop 'RedisLockTest.countTest'">
        <Item>
          <IdeaActionID>Stop</IdeaActionID>
          <ShortCut>'⌘F2'</ShortCut>
          <Description>Stop 'RedisLockTest.countTest'</Description>
          <Count>1</Count>
        </Item>
      </Statistic>
      <Statistic Action="Stop 'RedisLockTest.lockTest'">
        <Item>
          <IdeaActionID>Stop</IdeaActionID>
          <ShortCut>'⌘F2'</ShortCut>
          <Description>Stop 'RedisLockTest.lockTest'</Description>
          <Count>1</Count>
        </Item>
      </Statistic>
      <Statistic Action="Stop 'ReloanBridgeServiceImpl'">
        <Item>
          <IdeaActionID>Stop</IdeaActionID>
          <ShortCut>'⌘F2'</ShortCut>
          <Description>Stop 'ReloanBridgeServiceImpl'</Description>
          <Count>1</Count>
        </Item>
      </Statistic>
      <Statistic Action="Stop 'RepayNotifyDAOTest.insert'">
        <Item>
          <IdeaActionID>Stop</IdeaActionID>
          <ShortCut>'⌘F2'</ShortCut>
          <Description>Stop 'RepayNotifyDAOTest.insert'</Description>
          <Count>1</Count>
        </Item>
      </Statistic>
      <Statistic Action="Stop 'RepayServerConsumer'">
        <Item>
          <IdeaActionID>Stop</IdeaActionID>
          <ShortCut>'⌘F2'</ShortCut>
          <Description>Stop 'RepayServerConsumer'</Description>
          <Count>2</Count>
        </Item>
      </Statistic>
      <Statistic Action="Stop 'ReplaceTest'">
        <Item>
          <IdeaActionID>Stop</IdeaActionID>
          <ShortCut>'⌘F2'</ShortCut>
          <Description>Stop 'ReplaceTest'</Description>
          <Count>2</Count>
        </Item>
      </Statistic>
      <Statistic Action="Stop 'Rerun Failed Tests'">
        <Item>
          <IdeaActionID>Stop</IdeaActionID>
          <ShortCut>'⌘F2'</ShortCut>
          <Description>Stop 'Rerun Failed Tests'</Description>
          <Count>3</Count>
        </Item>
      </Statistic>
      <Statistic Action="Stop 'ReturninfoServiceProxyTest.getDeductLogInfoTest'">
        <Item>
          <IdeaActionID>Stop</IdeaActionID>
          <ShortCut>'⌘F2'</ShortCut>
          <Description>Stop 'ReturninfoServiceProxyTest.getDeductLogInfoTest'</Description>
          <Count>7</Count>
        </Item>
      </Statistic>
      <Statistic Action="Stop 'ReturninfoServiceProxyTest.testEmail'">
        <Item>
          <IdeaActionID>Stop</IdeaActionID>
          <ShortCut>'⌘F2'</ShortCut>
          <Description>Stop 'ReturninfoServiceProxyTest.testEmail'</Description>
          <Count>1</Count>
        </Item>
      </Statistic>
      <Statistic Action="Stop 'Runner'">
        <Item>
          <IdeaActionID>Stop</IdeaActionID>
          <ShortCut>'⌘F2'</ShortCut>
          <Description>Stop 'Runner'</Description>
          <Count>3</Count>
        </Item>
      </Statistic>
      <Statistic Action="Stop 'ScheduledTest'">
        <Item>
          <IdeaActionID>Stop</IdeaActionID>
          <ShortCut>'⌘F2'</ShortCut>
          <Description>Stop 'ScheduledTest'</Description>
          <Count>9</Count>
        </Item>
      </Statistic>
      <Statistic Action="Stop 'SeckillApplication'">
        <Item>
          <IdeaActionID>Stop</IdeaActionID>
          <ShortCut>'⌘F2'</ShortCut>
          <Description>Stop 'SeckillApplication'</Description>
          <Count>16</Count>
        </Item>
      </Statistic>
      <Statistic Action="Stop 'SeckillApplicationTests.main'">
        <Item>
          <IdeaActionID>Stop</IdeaActionID>
          <ShortCut>'⌘F2'</ShortCut>
          <Description>Stop 'SeckillApplicationTests.main'</Description>
          <Count>4</Count>
        </Item>
      </Statistic>
      <Statistic Action="Stop 'SeckillServiceTest.forkJoinSeckillTest'">
        <Item>
          <IdeaActionID>Stop</IdeaActionID>
          <ShortCut>'⌘F2'</ShortCut>
          <Description>Stop 'SeckillServiceTest.forkJoinSeckillTest'</Description>
          <Count>1</Count>
        </Item>
      </Statistic>
      <Statistic Action="Stop 'SemaphoreTest'">
        <Item>
          <IdeaActionID>Stop</IdeaActionID>
          <ShortCut>'⌘F2'</ShortCut>
          <Description>Stop 'SemaphoreTest'</Description>
          <Count>7</Count>
        </Item>
      </Statistic>
      <Statistic Action="Stop 'SimpleCanalClientTest'">
        <Item>
          <IdeaActionID>Stop</IdeaActionID>
          <ShortCut>'⌘F2'</ShortCut>
          <Description>Stop 'SimpleCanalClientTest'</Description>
          <Count>1</Count>
        </Item>
      </Statistic>
      <Statistic Action="Stop 'Sort'">
        <Item>
          <IdeaActionID>Stop</IdeaActionID>
          <ShortCut>'⌘F2'</ShortCut>
          <Description>Stop 'Sort'</Description>
          <Count>48</Count>
        </Item>
      </Statistic>
      <Statistic Action="Stop 'SpecialclearlistServiceTest.configAuditSpecialAccount'">
        <Item>
          <IdeaActionID>Stop</IdeaActionID>
          <ShortCut>'⌘F2'</ShortCut>
          <Description>Stop 'SpecialclearlistServiceTest.configAuditSpecialAccount'</Description>
          <Count>2</Count>
        </Item>
      </Statistic>
      <Statistic Action="Stop 'SpringbootMybatisDemoApplication'">
        <Item>
          <IdeaActionID>Stop</IdeaActionID>
          <ShortCut>'⌘F2'</ShortCut>
          <Description>Stop 'SpringbootMybatisDemoApplication'</Description>
          <Count>3</Count>
        </Item>
      </Statistic>
      <Statistic Action="Stop 'Statement'">
        <Item>
          <IdeaActionID>Stop</IdeaActionID>
          <ShortCut>'⌘F2'</ShortCut>
          <Description>Stop 'Statement'</Description>
          <Count>14</Count>
        </Item>
      </Statistic>
      <Statistic Action="Stop 'Test'">
        <Item>
          <IdeaActionID>Stop</IdeaActionID>
          <ShortCut>'⌘F2'</ShortCut>
          <Description>Stop 'Test'</Description>
          <Count>17</Count>
        </Item>
      </Statistic>
      <Statistic Action="Stop 'ThirdPartyPayServiceImpl'">
        <Item>
          <IdeaActionID>Stop</IdeaActionID>
          <ShortCut>'⌘F2'</ShortCut>
          <Description>Stop 'ThirdPartyPayServiceImpl'</Description>
          <Count>11</Count>
        </Item>
      </Statistic>
      <Statistic Action="Stop 'ThreadPool'">
        <Item>
          <IdeaActionID>Stop</IdeaActionID>
          <ShortCut>'⌘F2'</ShortCut>
          <Description>Stop 'ThreadPool'</Description>
          <Count>8</Count>
        </Item>
      </Statistic>
      <Statistic Action="Stop 'Tomcat 8'">
        <Item>
          <IdeaActionID>Stop</IdeaActionID>
          <ShortCut>'⌘F2'</ShortCut>
          <Description>Stop 'Tomcat 8'</Description>
          <Count>36</Count>
        </Item>
      </Statistic>
      <Statistic Action="Stop 'Tomcat 8.5.24'">
        <Item>
          <IdeaActionID>Stop</IdeaActionID>
          <ShortCut>'⌘F2'</ShortCut>
          <Description>Stop 'Tomcat 8.5.24'</Description>
          <Count>13</Count>
        </Item>
      </Statistic>
      <Statistic Action="Stop 'Tomcat'">
        <Item>
          <IdeaActionID>Stop</IdeaActionID>
          <ShortCut>'⌘F2'</ShortCut>
          <Description>Stop 'Tomcat'</Description>
          <Count>69</Count>
        </Item>
      </Statistic>
      <Statistic Action="Stop 'TounaAccountCenterApplication'">
        <Item>
          <IdeaActionID>Stop</IdeaActionID>
          <ShortCut>'⌘F2'</ShortCut>
          <Description>Stop 'TounaAccountCenterApplication'</Description>
          <Count>68</Count>
        </Item>
      </Statistic>
      <Statistic Action="Stop 'TounaRepayProxyMain'">
        <Item>
          <IdeaActionID>Stop</IdeaActionID>
          <ShortCut>'⌘F2'</ShortCut>
          <Description>Stop 'TounaRepayProxyMain'</Description>
          <Count>26</Count>
        </Item>
      </Statistic>
      <Statistic Action="Stop 'TransferConsumeLogic'">
        <Item>
          <IdeaActionID>Stop</IdeaActionID>
          <ShortCut>'⌘F2'</ShortCut>
          <Description>Stop 'TransferConsumeLogic'</Description>
          <Count>2</Count>
        </Item>
      </Statistic>
      <Statistic Action="Stop 'Unnamed'">
        <Item>
          <IdeaActionID>Stop</IdeaActionID>
          <ShortCut>'⌘F2'</ShortCut>
          <Description>Stop 'Unnamed'</Description>
          <Count>20</Count>
        </Item>
      </Statistic>
      <Statistic Action="Stop 'UserDaoTest.batch'">
        <Item>
          <IdeaActionID>Stop</IdeaActionID>
          <ShortCut>'⌘F2'</ShortCut>
          <Description>Stop 'UserDaoTest.batch'</Description>
          <Count>2</Count>
        </Item>
      </Statistic>
      <Statistic Action="Stop 'lms'">
        <Item>
          <IdeaActionID>Stop</IdeaActionID>
          <ShortCut>'⌘F2'</ShortCut>
          <Description>Stop 'lms'</Description>
          <Count>9</Count>
        </Item>
      </Statistic>
      <Statistic Action="Stop 'server1'">
        <Item>
          <IdeaActionID>Stop</IdeaActionID>
          <ShortCut>'⌘F2'</ShortCut>
          <Description>Stop 'server1'</Description>
          <Count>3</Count>
        </Item>
      </Statistic>
      <Statistic Action="Stop 'server2'">
        <Item>
          <IdeaActionID>Stop</IdeaActionID>
          <ShortCut>'⌘F2'</ShortCut>
          <Description>Stop 'server2'</Description>
          <Count>4</Count>
        </Item>
      </Statistic>
      <Statistic Action="Stop 'server3'">
        <Item>
          <IdeaActionID>Stop</IdeaActionID>
          <ShortCut>'⌘F2'</ShortCut>
          <Description>Stop 'server3'</Description>
          <Count>4</Count>
        </Item>
      </Statistic>
      <Statistic Action="Stop 'servlet 3'">
        <Item>
          <IdeaActionID>Stop</IdeaActionID>
          <ShortCut>'⌘F2'</ShortCut>
          <Description>Stop 'servlet 3'</Description>
          <Count>3</Count>
        </Item>
      </Statistic>
      <Statistic Action="Stop...">
        <Item>
          <IdeaActionID>Stop</IdeaActionID>
          <ShortCut>'⌘F2'</ShortCut>
          <Description>Stop...</Description>
          <Count>13</Count>
        </Item>
      </Statistic>
      <Statistic Action="Structure">
        <Item>
          <IdeaActionID>ActivateStructureToolWindow</IdeaActionID>
          <ShortCut>'⌘7'</ShortCut>
          <Description>Structure</Description>
          <Count>3</Count>
        </Item>
      </Statistic>
      <Statistic Action="TODO">
        <Item>
          <IdeaActionID>ActivateTODOToolWindow</IdeaActionID>
          <ShortCut>'⌘6'</ShortCut>
          <Description>TODO</Description>
          <Count>6</Count>
        </Item>
      </Statistic>
      <Statistic Action="Toggle Line Breakpoint">
        <Item>
          <IdeaActionID>ToggleLineBreakpoint</IdeaActionID>
          <ShortCut>'⇧⌘B'</ShortCut>
          <Description>Toggle Line Breakpoint</Description>
          <Count>620</Count>
        </Item>
      </Statistic>
      <Statistic Action="Update 'Tomcat 8' application">
        <Item>
          <IdeaActionID>UpdateRunningApplication</IdeaActionID>
          <ShortCut>'⌘F10'</ShortCut>
          <Description>Update 'Tomcat 8' application</Description>
          <Count>1</Count>
        </Item>
      </Statistic>
      <Statistic Action="Upload to...">
        <Item>
          <IdeaActionID>PublishGroup.UploadTo</IdeaActionID>
          <ShortCut>'⌥⇧⌘X'</ShortCut>
          <Description>Upload to...</Description>
          <Count>327</Count>
        </Item>
      </Statistic>
      <Statistic Action="Version Control">
        <Item>
          <IdeaActionID>ActivateVersionControlToolWindow</IdeaActionID>
          <ShortCut>'⌘9' or '⇧⌘9'</ShortCut>
          <Description>Version Control</Description>
          <Count>569</Count>
        </Item>
      </Statistic>
      <Statistic Action="View Breakpoints...">
        <Item>
          <IdeaActionID>ViewBreakpoints</IdeaActionID>
          <ShortCut>'⇧⌘F8'</ShortCut>
          <Description>View Breakpoints...</Description>
          <Count>1</Count>
        </Item>
      </Statistic>
      <Statistic Action="Zoom In">
        <Item>
          <IdeaActionID>UML.ZoomIn</IdeaActionID>
          <ShortCut>'⌘+' or '⌘='</ShortCut>
          <Description>Zoom In</Description>
          <Count>6</Count>
        </Item>
      </Statistic>
      <Statistic Action="编码规约扫描">
        <Item>
          <IdeaActionID>AliP3CInspectionAction</IdeaActionID>
          <ShortCut>'⌥⇧⌘J'</ShortCut>
          <Description>编码规约扫描</Description>
          <Count>1</Count>
        </Item>
      </Statistic>
    </option>
    <option name="suppressed">
      <Statistic Action="Reimport All Maven Projects">
        <Item>
          <IdeaActionID>Maven.Reimport</IdeaActionID>
          <Description>Reimport All Maven Projects</Description>
        </Item>
      </Statistic>
      <Statistic Action="Resume Program">
        <Item>
          <IdeaActionID>Resume</IdeaActionID>
          <ShortCut>'F8'</ShortCut>
          <Description>Resume Program</Description>
          <Count>242</Count>
        </Item>
      </Statistic>
      <Statistic Action="Run">
        <Item>
          <IdeaActionID>ActivateRunToolWindow</IdeaActionID>
          <ShortCut>'⌘4'</ShortCut>
          <Description>Run</Description>
          <Count>23</Count>
        </Item>
      </Statistic>
      <Statistic Action="Step Over">
        <Item>
          <IdeaActionID>StepOver</IdeaActionID>
          <ShortCut>'F6'</ShortCut>
          <Description>Step Over</Description>
          <Count>2903</Count>
        </Item>
      </Statistic>
      <Statistic Action="Terminal">
        <Item>
          <IdeaActionID>ActivateTerminalToolWindow</IdeaActionID>
          <ShortCut>'⌥F12'</ShortCut>
          <Description>Terminal</Description>
          <Count>112</Count>
        </Item>
      </Statistic>
    </option>
  </component>
</application>