<application>
  <component name="UISettings">
    <option name="FONT_FACE" value=".SFNSText-Regular" />
    <option name="FONT_SCALE" value="1.0" />
    <option name="HIDE_KNOWN_EXTENSION_IN_TABS" value="true" />
    <option name="HIDE_TOOL_STRIPES" value="false" />
    <option name="MARK_MODIFIED_TABS_WITH_ASTERISK" value="true" />
    <option name="MAX_LOOKUP_LIST_HEIGHT" value="17" />
    <option name="MAX_LOOKUP_WIDTH2" value="663" />
    <option name="SHOW_MEMORY_INDICATOR" value="true" />
  </component>
</application>