<toolSet name="External Tools">
  <tool name="有道" showInMainMenu="true" showInEditor="true" showInProject="true" showInSearchPopup="true" disabled="false" useConsole="true" showConsoleOnStdOut="false" showConsoleOnStdErr="false" synchronizeAfterRun="true">
    <exec>
      <option name="COMMAND" value="/Applications/有道词典.app" />
      <option name="PARAMETERS" />
      <option name="WORKING_DIRECTORY" value="/Applications" />
    </exec>
  </tool>
  <tool name="javap" showInMainMenu="true" showInEditor="true" showInProject="true" showInSearchPopup="true" disabled="false" useConsole="true" showConsoleOnStdOut="false" showConsoleOnStdErr="false" synchronizeAfterRun="true">
    <exec>
      <option name="COMMAND" value="/Library/Java/JavaVirtualMachines/jdk1.8.0_152.jdk/Contents/Home/bin/javap" />
      <option name="PARAMETERS" value="-c $FileClass$" />
      <option name="WORKING_DIRECTORY" value="$OutputPath$" />
    </exec>
  </tool>
  <tool name="unzip" showInMainMenu="false" showInEditor="false" showInProject="false" showInSearchPopup="false" disabled="false" useConsole="true" showConsoleOnStdOut="false" showConsoleOnStdErr="false" synchronizeAfterRun="true">
    <exec>
      <option name="COMMAND" value="/Applications/DrUnarchiver.app" />
      <option name="PARAMETERS" />
      <option name="WORKING_DIRECTORY" value="/Applications" />
    </exec>
  </tool>
</toolSet>