<code_scheme name="Default (1)">
  <option name="AUTODETECT_INDENTS" value="false" />
  <option name="LAYOUT_STATIC_IMPORTS_SEPARATELY" value="false" />
  <option name="IMPORT_LAYOUT_TABLE">
    <value>
      <package name="" withSubpackages="true" static="false" />
      <emptyLine />
      <package name="javax" withSubpackages="false" static="false" />
      <package name="java" withSubpackages="false" static="false" />
      <emptyLine />
    </value>
  </option>
  <option name="JD_ADD_BLANK_AFTER_PARM_COMMENTS" value="true" />
  <option name="JD_ADD_BLANK_AFTER_RETURN" value="true" />
  <JavaCodeStyleSettings>
    <option name="ALIGN_MULTILINE_ANNOTATION_PARAMETERS" value="true" />
  </JavaCodeStyleSettings>
</code_scheme>